Event no.,Year,Month,Day,Category,"County, region or country",Location,References1,1915,9, ,2,North East Scotland (North Sea),"Nairn, Buckie",Hickey (1997) 2,1915,11,,2,North East Scotland (North Sea),Nairn,Hickey (1997)3,1916,1,13-16,1,North Sea (England),"Essex, Kent, Humberside",Hickey (1997)4,1916,9,14,1,North Sea (England),Blakeney Point (North Norfolk),Hickey (1997)5,1916,11,5,3,"English Channel (the Solent, Dorset)","Portsmouth, Bournemouth, Cowes",Zong & Tooley (2003)6,1917,1,26,4,English Channel (South West),Hallsands (Devon),Zong & Tooley (2003)7,1918,2,28-2,1,North Sea (England),"East Anglia, Thames Estuary, Kent",Eden (2008)8,1918,1,15,2,English Channel (the Solent),"Shoreham, Littlehampton, Southampton",Zong & Tooley (2003); Eden (2008)9,1919,2,17,1,North Sea (North East England),Grimsby,Zong & Tooley (2003)10,1920,1,8-9,2,North Sea (Scotland),"Perth (Tayside), Dundee",Hickey (1997); Zong & Tooley (2003)11,1920,5,29,2,North Sea (England),"Louth, Grimsby ",Zong & Tooley (2003)12,1921,7,29,1,North Sea (South East England),Folkestone,Zong & Tooley (2003)13,1921,12,18,2,North Sea (Scotland),Alloa,Hickey (1997) 14,1921,11,1,3,North Sea (England),"Thames Estuary, Kent, Lincolnshire, East Anglia, Scotland",Hickey (1997); Eden (2008); Zong & Tooley (2003)15,1921,12,17,4,"North Sea (North East England, Scotland)","Hull, Grimsby, Blyth, Teeside, Alloa, Dundee",Met Office (1921); Hickey (1997); Zong & Tooley (2003); Eden (2008)16,1922,1,1,1,North Sea (South East England),Southend ,Hickey (1997) 17,1922,3,8,1,"English Channel, North Sea (South East England)","Margate, Dover, Folkestone",Zong & Tooley (2003)18,1922,4,14,1,"Thames, Bristol Channel","London, Sharpness",Zong & Tooley (2003)19,1922,10,11,1,North Sea (England),"Essex, Kent",Hickey (1997) 20,1922,10,27,1,North Sea (England),Skegness (Lincolnshire),Zong & Tooley (2003)21,1923,2,,2,Irish Sea (Scotland),Dumfries,Hickey (1997)22,1923,10,10-12,3,"North Sea (England), English Channel (the Solent)","Hull, Scarborough, Severn Beach (near Bristol), Portsmouth, Hastings, Folkstone, Hythe, Sandgate, Dover (Kent)",Zong & Tooley (2003)23,1924,,,1,Atlantic-Celtic Sea (England),Isles of Scilly (Cornwall),Hickey (1997)24,1924,1,,1,English Channel (Dorset),Isle of Portland ,West (2014)25,1924,2,,2,North Sea (North East England),Blyth (Northumberland),Northumberland County Council (2010)26,1924,12,27,2,"Irish Sea (England), North Sea (South East England), English Channel (the Solent)","Southsea (Portsmouth, Hampshire), Folkstone, Sandgate, Deal (Kent), Blackpool, Fleetwood, Lytham, Sandylands (Lancashire), Gretna, Dundee",Met Office (1924); Hickey (1997); Zong & Tooley (2003)27,1925,2,21,1,Irish Sea (England),"Morecambe, Pilling, Knott End-on-Sea, Bolton-le-Sands, Cockerham Sands (Lancashire)",Zong & Tooley (2003)28,1925,11,8,1,English Channel-North Sea (South East England),Folkestone ,Zong & Tooley (2003)29,1925,11,25,1,North Sea (England),-,Zong & Tooley (2003)30,1926,2,19,1,Irish Sea (England),"Morecambe, Sandylands (Lancashire)",Zong & Tooley (2003)31,1926,10,10,1,North Sea (England),"Humberside, Kent",Hickey (1997); Haigh et al. (2015)32,1926,12,30,1,Irish Sea (North West England),"Preston, Heysham, Morecambe",Zong & Tooley (2003)33,1926,11,4-5,2,Irish Sea-Atlantic-Firth of Clyde (West Scotland),"Broomielaw, Kirkcudbright, Glasgow",Met Office (1926); Hickey (1997); Zong & Tooley (2003); Eden (2008)34,1927,,,1,"Irish Sea (Wales, England)","North Wales, Lancashire",Hickey (1997)35,1927,1,28,1,Irish Sea (England),"Fleetwood (Lancashire), Wales",Lamb (1991)36,1927,2,5,1,North Sea (Thames),Chiswick (Greater London),Zong & Tooley (2003)37,1927,3,5,1,North Sea (Thames),Eel Pie Island (Greater London),Zong & Tooley (2003)38,1927,9,19,1,North Sea (England),Boston (Lincolnshire),Zong & Tooley (2003)39,1927,9,23,1,North Sea (England),"Scarborough, Folkestone, Dover",Zong & Tooley (2003)40,1927,11,9,1,North Sea (Thames),London,Zong & Tooley (2003)41,1927,12,26,1,"North Sea (England), English Channel (Dorset)","Lowestoft, Thames Estuary, Herne Bay, Deal, Dover, Chesil Beach, Isle of Portland",Hickey (1997); Zong & Tooley (2003)42,1927,10,28-29,5,"Celtic Sea, Irish Sea","Mersey, Fleetwood, Blackpool, Sandylands, Cardigan Bay, Criccieth, Aberglaslyn, Portmadoc",Met Office (1927); Lamb (1991); Hickey (1997); Zong & Tooley (2003); Eden (2008)43,1928,2,16,1,English Channel (the Solent),Alum Bay (Isle of Wight),Zong & Tooley (2003)44,1928,10,28,1,Irish Sea (England),"Grange-over-Sands (Morecambe Bay, Cumbria)",Zong & Tooley (2003)45,1928,3,22-23,2,North Sea (England),"Hull, Berwick-upon-Tweed",Zong & Tooley (2003); Haigh et al. (2015)46,1928,1,6,5,"North Sea (Scotland, Thames, South East England)","London (City), Southwark, Putney, Hammersmith, Westminister, Mersea, Maldon (Essex), Norfolk, Stranraer",Met Office (1928); Lamb (1991); Hickey (1997); Zong & Tooley (2003); Eden (2008)47,1929,1,16,1,North Sea (South East England),Southend,Hickey (1997)48,1929,12,22,1,North Sea (South East England),Southend,Hickey (1997)49,1930,8,,1,Irish Sea (South West Scotland),Annan,Hickey (1997)50,1930,8,14,1,Atlantic-Firth of Clyde (West Scotland),"Gourock, Lamlash (Isle of Arran)",Hickey (1997)51,1930,9,24,1,"North Sea (England), Irish Sea (Scotland)","Hull, Owston Ferry, Summergate Merse, Waterfoot, Hillend, Annan, Welldale",Hickey (1997); Zong & Tooley (2003)52,1930,11,8,1,North Sea (England),"London, Southend",Hickey (1997); Zong & Tooley (2003)53,1930,2,1,2,English Channel (Dorset),"Isle of Portland, Chesil Beach (Dorset)",Zong & Tooley (2003)54,1930,3,16,2,English Channel (East Sussex),Winchelsea ,Zong & Tooley (2003)55,1931,3,6,1,Irish Sea (North Wales),Rhos-on-Sea (Conwy County),Zong & Tooley (2003); Haigh et al. (2015)56,1931,12,28,1,North Sea (South East England),Southend,Hickey (1997)57,1931,8,18,2,"Irish Sea (England), English Channel (Sussex)","Seaford, Fleetwood",Zong & Tooley (2003)58,1931,11,10-11,3,"English Channel (Solent, Sussex)","Winchelsea, Rye, Shoreham-by-Sea, Littlehampton, Freshwater Bay",Met Office (1931); Lamb (1991);  Hickey (1997); Eden (2008)59,1932,9,4,1,North Sea (South East England),Southend,Hickey (1997)60,1933,1,3,1,"North Sea (England, Scotland)","Humberside, Highlands",Hickey (1997)61,1933,10,11,1,"North Sea (England, Scotland)","Humberside, Highlands",Hickey (1997)62,1934,1,18,1,North Sea (South East England),Southend,Hickey (1997)63,1935,10,18-19,1,Atlantic (West Scotland),Firth of Clyde,Zong & Tooley (2003)64,1935,2,6,2,"South East England (North Sea), South England (English Channel)","Southend, Benfleet (Essex), Cowes (Isle of Wight)",Hickey (1997); Zong & Tooley (2003)65,1935,9,15-16,2,North Sea (England),Barton-on-Humber (North Lincolnshire),Hickey (1997); Zong & Tooley (2003)66,1935,9,17,2,"English Channel (Solent, Dorset)","Southampton, Milford, Netley, Keyhaven, Cowes, Bournemouth",Ruocco et al. (2011)67,1936,2,23,1,"North Sea (England, Scotland)","London, Kirkcaldy, Aberdeen",Zong & Tooley (2003)68,1936,4,22,1,North Sea (South East England),Southend,Hickey (1997)69,1936,6,18,1,English Channel (the Solent),Southsea (Portsmouth),Zong & Tooley (2003)70,1936,10,18,1,North Sea (South East England),Southend,Lamb (1991); Hickey (1997)71,1936,10,31,1,North Sea (South East England),Southend,Hickey (1997)72,1936,11,1,1,North Sea (Thames),London,Zong & Tooley (2003)73,1936,11,12,1,"English Channel (Dorset), Irish Sea (Isle of Man)","Isle of Portland, Chesil Beach (Dorset), Castletown (Isle of Man)",Zong & Tooley (2003)74,1936,12,14,1,Atlantic-Irish Sea (Scotland),Ayr,Hickey (1997)75,1936,12,18,1,Celtic Sea (Wales),Cardiff,Zong & Tooley (2003)76,1936,1,9-10,2,"Celtic-Irish Sea, Atlantic (West Scotland)","Newport, Troon, Largs, Brodick, Rothesay, Ardrossan, Lamlash",Hickey (1997); Zong & Tooley (2003)77,1936,3,1,2,North Sea (England),Hull,Zong & Tooley (2003)78,1936,12,30-1,3,North Sea (England),"London, Lowestoft, Great Yarmouth, Southend, Ramsgate",Hickey (1997); Zong & Tooley (2003)79,1937,1,16-22,1,Atlantic-North Sea (Scotland),Shetland,Hickey (1997)80,1937,1,,1,North Sea (Scotland),Lossiemouth,Hickey (1997)81,1937,11,20,1,North Sea (South East England),Southend,Hickey (1997)82,1937,1,27-28,2,Irish Sea (North Wales),"Rhos-on-sea, Beaumaris",Met Office (1937);  Zong & Tooley (2003); Haigh et al. (2015)83,1938,1,17,1,North Sea (South East England),Southend  (Essex),Hickey (1997); Zong & Tooley (2003)84,1938,1,29,1,"Irish Sea (Wales, England), Bristol Channel","Bristol Channel, Cardigan Bay, Lancashire, Cumbria",Eden (2008)85,1938,11,,2,Irish Sea (Scotland),"Gretna, Rockcliff Marsh, Solway Firth",Hickey (1997)86,1938,4,3,2,North Sea (England),"Horsey, London",Zong & Tooley (2003)87,1938,1,15,3,"Irish Sea (Wales, England), Bristol Channel","Bristol Channel, Cardigan Bay, Lancashire, Cumbria, Aberystwyth",Eden (2008)88,1938,2,12-13,3,North Sea (England),"Yorkshire, Margate, Cromer, Maldon, London, Felixstowe, Grimsby",Met Office (1938); Lamb (1991); Hickey (1997); Zong & Tooley (2003); Eden (2008)89,1939,1,20,1,English Channel (Dorset),Isle of Portland,Zong & Tooley (2003)90,1939,3,9,1,Irish Sea (England),Fleetwood,Zong & Tooley (2003)91,1942,2,13,1,English Channel (Dorset),Isle of Portland,Zong & Tooley (2003)92,1942,12,20,1,Irish Sea (Scotland),Solway Firth,Zong & Tooley (2003)93,1942,12,9-10,2,Irish Sea (Scotland-Solway Firth),"Solway Firth, Gretna, Annan",Hickey (1997)94,1942,12,13,3,"English Channel (Dorset), Irish Sea (Wales, Scotland)","Isle of Portland, Aberystwyth, Solway Firth",Met Office (1942)95,1943,1,30,1,English Channel (Sussex),Sussex,Zong & Tooley (2003)96,1943,4,6,1,North Sea (South East England),Southend,Zong & Tooley (2003)97,1945,9,24,1,Irish Sea (Wales),"Rhyl (Debighshire), Penmaenmawy, Llanfairfechan, Towyn (Conwy County)",Zong & Tooley (2003)98,1945,12,21,1,English Channel (South West),"Starcross (Exe Estuary), Dawlish, Teignmouth (Devon)",Zong & Tooley (2003)99,1945,12,24,1,English Channel (Sussex),"Seaford, Hastings",Zong & Tooley (2003)100,1945,12,18-19,2,"English Channel (Dorset, the Solent, Sussex)","Seaford, Isle of Portland, Hayling Island (Havant)",Zong & Tooley (2003); Ruocco et al. (2011)101,1946,12,8,2,"North Sea (England), English Channel (Sussex)","Lowestoft, Hastings, Pevensey Bay, Seaford, Eastbourne, Sandgate",Zong & Tooley (2003)102,1947,,,1,North Sea (England),The Fens,Hickey (1997)103,1947,1,17,1,Irish Sea (England-Solway Firth-River Eden),Carlisle,Zong & Tooley (2003)104,1947,3,15-16,1,North Sea,-,Hickey (1997); Eden (2008)105,1947,11,12,1,English Channel (Sussex),Seaford,Zong & Tooley (2003)106,1947,12,13,1,English Channel (Dorset),Isle of Portland,Eden (2008)107,1947,12,27,1,"English Channel (the Solent, Sussex, Kent)","Emsworth, Hastings,  Sandgate",Zong & Tooley (2003)108,1947,1,,2,North Sea (Scotland),Kirkcaldy,Hickey (1997)109,1947,4,21-23,2,Irish Sea (Scotland-Solway Firth-Rivers Annan and Nith),"Annan, Tay, Welldale (Dumfries)",Hickey (1997)110,1948,1,29,2,English Channel (South West),"Looe, Saltash, Brixham",Zong & Tooley (2003); Haigh et al. (2015)111,1948,8,8-11,1,"North Sea (Scotland, England), English Channel (Kent-Sussex)","Berwick, Eyemouth, Jaywick,  London, Felpham, Hastings, Folkestone, Sandgate",Zong & Tooley (2003)112,1949,,,1,English Channel (Dorset),Chesil Beach,West (2014)113,1949,1,8,1,"North Sea (England, Scotland)","Norfolk, Aberdeen, Dunbar",Hickey (1997)114,1949,11,21,1,English Channel (Kent),"Folkestone, Sandgate",Zong & Tooley (2003)115,1949,12,,1,Scotland ,-,Hickey (1997)116,1949,10,23,2,English Channel (the Solent-Kent),"Hastings, Hythe, Folkstone, Sandgate, Southampton",Lamb (1991); Zong & Tooley (2003); Ruocco et al. (2011)117,1949,3,1,4,"North Sea (England), Thames","London, Sheerness, Margate, Southend, Woodbridge, Boston,  Kings Lynn",Met Office (1949); Hickey (1997); Zong & Tooley (2003)118,1950,2,3,1,"English Channel (Dorset, the Solent)","Lymington, Keyhaven, Milford, Keyhaven, Warsash, Bournemouth",Ruocco et al. (2011)119,1950,2,6,1,English Channel (the Solent),Fawley (Hampshire),Ruocco et al. (2011)120,1950,2,16,2,"Irish Sea-Atlantic-Firth of Clyde (West Scotland), North Sea-River Tay (East Scotland)","Aberfoyle, Perth, Helensburgh",Hickey (1997)121,1951,12,30,1,Scotland,-,Lamb (1991)122,1951,12,28-29,2,English Channel (Cornwall to Kent),"Southampton, Beaulieu, Shanklin, Sandown, Cornwall, Kent, St Leonards, Sussex",Lamb (1991); Zong & Tooley (2003); Ruocco et al. (2011)123,1952,1,30,1,Celtic Sea (England),Bude (North Cornwall),Zong & Tooley (2003)124,1952,8,10,1,English Channel (central),Seaford,Zong & Tooley (2003)125,1953,11,1,1,English Channel (east),Sandgate (Kent),Zong & Tooley (2003)126,1953,9,23,2,Bristol Channel,"Bristol, Pill-on-Avon",Zong & Tooley (2003); Haigh et al. (2015)127,1953,1,31,6,"North Sea (England), Thames","Kent, Spurn Head, Humber, London",Met Office (1953); Lamb (1991); Hickey (1997); Zong & Tooley (2003); Eden (2008); Haigh et al. (2015); 128,1954,1,3,1,"North Sea (England), Irish Sea (England), Celtic Sea (North Devon)","Wells, Alderburgh, Barmston, Bude",Hickey (1997); Zong & Tooley (2003)129,1954,9,1,1,North Sea (Thames),Richmond on Thames (London),Zong & Tooley (2003)130,1954,10,6-7,1,North Sea (England),-,Hickey (1997)131,1954,11,,1,North Sea (North East England),Blyth,Northumberland County Council (2010)132,1954,12,1,1,English Channel (Dorset),Isle of Portland,West (2014)133,1954,12,4-5,1,North Sea (England),-,Hickey (1997)134,1954,12,22,1,North Sea (England),Great Yarmouth,Lamb (1991); Zong & Tooley (2003)135,1954,9,14,2,Bristol Channel,"Ashton Gate, Bristol",Zong & Tooley (2003)136,1954,10,14,2,North Sea (North East England),Hull,Zong & Tooley (2003)137,1954,11,30,2,"English Channel (Dorset, the Solent)","Christchurch, Lymington, Southampton",Ruocco et al. (2011)138,1954,12,8,2,English Channel (the Solent),"Ryde, Lymington, Southampton",Ruocco et al. (2011)139,1954,11,11,4,"North Sea (England), English Channel (the Solent)","Hull, Southend, Strood (River Medway), Southampton",Met Office (1954); Zong & Tooley (2003); Ruocco et al. (2011)140,1954,11,26,4,English Channel (Cornwall to Kent),"Lostwithiel, Gunnilsake, Truro, Mevagissey, Perranporth, Chesil Beach, Isle of Portland, Worthing, Teignmouth, Newhaven, Seaford, Southampton, Bournemouth, Lymington, Isle of Wight",Met Office (1954); Zong & Tooley (2003); Ruocco et al. (2011)141,1955,1,11,1,"North Sea (England), Thames","Putney, Millbank (London), Tilbury, Southend (Essex), Hull, Scarborough, Cleethorpes (Yorkshire-Humber)",Zong & Tooley (2003)142,1955,1,14,1,Bristol Channel-Celtic Sea (North Devon),Weare Giffard (Devon),Zong & Tooley (2003)143,1955,2,24,1,North Sea (England),"Scarborough (North Yorkshire), Cleethorpes, Sandilands (Lincolnshire)",Zong & Tooley (2003)144,1955,3,24,1,"English Channel (Dorset, the Solent)","Christchurch, Southampton",Ruocco et al. (2011)145,1955,10,6-7,1,North Sea (England),-,Hickey (1997)146,1955,10,15-17,1,North Sea (England),-,Hickey (1997)147,1955,12,8,1,North Sea (England),-,Hickey (1997)148,1956,1,17-21,1,North Sea (England),-,Hickey (1997)149,1956,3,2,1,North Sea (England),-,Hickey (1997)150,1956,1,30,2,"East Scotland (North Sea, Firth of Forth)","Kirkcaldy, Wick",Hickey (1997)151,1957,2,16,2,"Celtic Sea (England), Bristol Channel, North Sea (Scotland)","Bridgewater, Combwich, Ilfracombe, Crovie, Gardenstown",Hickey (1997); Zong & Tooley (2003)152,1957,9,24,2,Celtic Sea (England),"Westward Ho!, Bideford, Appledore, Instow, Ilfracombe",Zong & Tooley (2003)153,1957,12,10,2,English Channel (Cornwall-Devon-Dorset),"Starcross, Saltash, Topsham, Weymouth, Bourenmouth",Zong & Tooley (2003)154,1958,10,15,1,North Sea (Thames),Putney (London),Zong & Tooley (2003)155,1958,4,4,3,North Sea (Scotland),"Kirkcaldy, Edinburgh",Hickey (1997)156,1959,10,17,2,English Channel (the Solent),"Yarmouth, Gurnard, Newport, Lymington",Ruocco et al. (2011)157,1959,12,3,2,English Channel (the Solent),"Cowes, Hythe (Hampshire), Marchwood (Southampton)",Ruocco et al. (2011)158,1959,12,30,2,"North Sea (England, Scotland)","Hull, Ipswich, Dundee",Zong & Tooley (2003)159,1960,9,,1,English Channel (Cornwall),St Austell River,Cornwall Council (2011)160,1960,10,8,1,"English Channel (South West and the Solent), Celtic Sea (Devon), ","Exmouth, Torquay (South Devon), Brendon (North Devon), Southampton",Zong & Tooley (2003)161,1960,1,6,2,North Sea (Scotland),"Alloa, Stirling",Hickey (1997)162,1961,3,20-21,1,North Sea (England),-,Hickey (1997); Haigh et al. (2015)163,1961,7,4,1,North Sea (South East England),Southend,Zong & Tooley (2003)164,1961,10,24-25,2,"English Channel (Dorset, the Solent), Atlantic West Scotland","Portsmouth (Old Portsmouth, Eastney), Fareham, Langstone, Hayling, Cowes,  Newport, Ryde,  Totton, Southampton, North Skye",Ruocco et al. (2011); Haigh et al. (2015)165,1962,,,1,Atlantic-Celtic Sea (England),Isles of Scilly,Hickey (1997)166,1962,1,18,1,English Channel (Dorset),Chesil Beach,West (2014)167,1962,1,10,2,English Channel (the Solent),"Hythe, Bournemouth, Ryde",Ruocco et al. (2011)168,1962,1,12,2,English Channel (the Solent),"Eastoke, Hayling, Lymington, Milford-on-Sea",Ruocco et al. (2011)169,1962,3,7,4,"English Channel (Cornwall), Atlantic-Celtic Sea (England)","Penzance, Newlyn, Tolcarne Beach, Isles of Scilly",Met Office (1962); Haigh et al. (2015)170,1963,11,1-4,2,"English Channel (the Solent, Sussex)","Havant (Hayling Island, Emsworth, Langstone), Fareham, Southampton, Warsash, Bognor",Ruocco et al. (2011)171,1963,11,19,2,"North Sea (Thames), English Channel (Kent-Sussex)","London, Hastings, Folkstone",Zong & Tooley (2003)172,1965,1,20,2,"North Sea (England), English Channel (Dorset)","Dymchurch, Hull, Bournemouth",Zong & Tooley (2003)173,1966,4,11,1,North Sea (Scotland),Aberdeen,Hickey (1997)174,1966,10,15-16,2,"English Channel (Dorset, the Solent)","Mudeford, Hythe, Southampton, Lymington",Ruocco et al. (2011)175,1967,9,4,1,Irish Sea (England),Blackpool,Lamb (1991); Hickey (1997)176,1967,10,4,1,English Channel (the Solent),"Hythe, Cowes, Beaulieu",Ruocco et al. (2011)177,1967,11,,1,English Channel (South West),"Bude, Grogley (River Camel), Polmorla, Perranporth, Lostwithiel, Par",Cornwall Council (2011)178,1967,1,,2,"Irish Sea (Scotland-Solway Firth), North Sea (Scotland-Moray Firth)","Carsethorn, Nigg Bay",Hickey (1997)179,1967,11,2-4,2,"English Channel (the Solent, Sussex)","Bognor, Ryde, Cowes, Hayling, Fareham",Ruocco et al. (2011)180,1967,2,27-28,4,"Irish Sea (Scotland-Solway Firth), North Sea (Scotland-Moray Firth)","Kippford, Carsethorn, Southerness, Rockcliffe, Kirkcudbright, Creetown, Carseluith, Garlieston, Isle of Whithorn, Port William, Drummore, Port Patrick; Annan, Kingholm Quay, Glencaple, Powfoot and Browhouses",Haigh et al. (2015)181,1968,12,20-21,2,English Channel (the Solent),"Hythe, Lymington, Ryde, Cowes, Hythe, Newport, Yarmouth (Isle of Wight), Portsmouth (Eastney), Southampton, Netley, Beaulieu",Ruocco et al. (2011)182,1969,1,17,1,English Channel (the Solent),"Southsea (Portsmouth), Hayling Island, Emsworth (Havant), Cowes, Yarmouth (Isle of Wight)",Ruocco et al. (2011)183,1969,11,9,1,English Channel (the Solent),"Cowes, Chichester Harbour, Southampton",Ruocco et al. (2011)184,1969,2,19,2,"English Channel (South West), North Sea (England)","Teignmouth, Dawlish, Paignton",Met Office (1969); Hickey (1997); Eden (2008)185,1969,3,18,2,North Sea (Scotland),Kirkcaldy,Met Office (1969)186,1969,11,12,2,English Channel (the Solent),"Fareham, Emsworth, Portchester, Cowes",Ruocco et al. (2011)187,1969,9,28-29,4,"North Sea (England, Scotland)","Hull, Great Yarmouth, Whalsay (Shetland Islands)",Met Office (1969); Hickey (1997); Zong & Tooley (2003); Eden (2008); Haigh et al. (2015)188,1970,,,1,North Sea (England),"Kent, Humberside",Hickey (1997)189,1970,2,1,1,Atlantic-Irish Sea-Firth of Clyde (Scotland),"Inverkip, Greenock",Hickey (1997)190,1971,10,19,1,English Channel (Kent),Sandgate,Zong & Tooley (2003)191,1972,2,15,1,Irish Sea (Scotland),Isle Of Whithorn,Hickey (1997)192,1972,2,2,2,Irish Sea (Scotland),Isle Of Whithorn,Hickey (1997)193,1973,7,16,1,North Sea (England),"Grimsby, Cleethorpes",Zong & Tooley (2003)194,1973,9,,1,Atlantic-Irish Sea-Firth of Clyde (Scotland),Gourock,Hickey (1997)195,1974,11,15,1,"English Channel (Cornwall, Dorset, Sussex)","St Ives (Cornwall), Preston, Weymouth (Dorset), Cuckmere valley (East Sussex)",Zong & Tooley (2003)196,1974,1,11,2,"Celtic Sea (Wales, Devon), Atlantic (North West Scotland)","Amroth, Pembrokeshire (South Wales), Barnstaple (North Devon), Ireland (Sligo, Waterford, Cork), Stornoway (Scotland)",Met Office (1974); Lamb (1991); Hickey (1997); Zong & Tooley (2003); Haigh et al. (2015)197,1974,1,12,2,English Channel (the Solent),"Hayling Island, Ryde",Ruocco et al. (2011)198,1974,2,9-11,3,"English Channel (Cornwall to Kent), Bristol Channel","Severn Valley, Dawlish, St Blazey, Millbrook, Par, Lewes, Christchurch, Folkstone, Plymouth, Portsmouth, Southampton, Cowes, Hayling",Met Office (1974); Zong & Tooley (2003); Ruocco et al. (2011); Haigh et al. (2015)199,1975,1,30,1,Atlantic (North West Scotland),Stornoway,Hickey (1997); Haigh et al. (2015)200,1975,3,20,1,North Sea (England),Lowestoft,Zong & Tooley (2003)201,1975,1,28,2,English Channel (the Solent),"Langstone, Cowes, Newport, Ryde, Wallington, Portsmouth",Ruocco et al. (2011)202,1976,9,14,1,English Channel (Cornwall),Polperro,Zong & Tooley (2003)203,1976,10,23,1,English Channel (the Solent),Hayling Island,Ruocco et al. (2011)204,1976,10,14-15,2,"English Channel (Devon, Dorset)","Torquay, Isle of Portland",Zong & Tooley (2003)205,1976,1,2-3,4,"Irish Sea (England), Atlantic (North West Scotland), North Sea (North East England)","Hull, Lowestoft, Fleetwood, North Uist",Lamb (1991); Hickey (1997); Zong & Tooley (2003); Eden (2008); Haigh et al. (2015)206,1977,11,14,1,Irish Sea (England),"Morecambe, Pilling",Zong & Tooley (2003)207,1977,11,11-12,5,Irish Sea (England),"Fleetwood, Morecambe, Pilling, Blackpool, Lytham",Met Office (1977); Zong & Tooley (2003); Eden (2008); Haigh et al. (2015)208,1978,,,1,"Irish Sea (Wales, England)",Lancashire,Hickey (1997)209,1978,2,8,1,Bristol Channel,Severn at Gloucester,Zong & Tooley (2003)210,1978,2,18-20,1,"English Channel (Devon, Dorset)",Isle of Portland,Met Office (1978)211,1978,12,23-24,1,North Sea (Scotland),Kirkcaldy (Fife),Hickey (1997)212,1978,2,26,2,English Channel (the Solent),"Hayling, Portsmouth",Ruocco et al. (2011)213,1978,11,15,2,English Channel (the Solent),"Hythe, Calshot",Ruocco et al. (2011)214,1978,12,13,4,English Channel (Dorset),Isle of Portland,Met Office (1978); Zong & Tooley (2003)215,1978,1,10-12,5,"North Sea (England, Scotland), English Channel (the Solent)","Grampian coastline, Wells-next-the-Sea, KingÍs Lynn, Cleethorpes, Wisbech, Sandilands, Mablethorpe, Trustthorpe, Ingoldmells, Walcott, Deal, Alnmouth, Amble Harbour, Berwick-upon-Tweed, Blyth, Hayling, Cowes, Bembridge",Met Office (1978); Lamb (1991); Hickey (1997); Zong & Tooley (2003); Eden (2008); Ruocco et al. (2011); Haigh et al. (2015)216,1979,10,,1,"Celtic Sea (North Cornwall, England)","Wadebridge, Padstow",Cornwall Council (2011)217,1979,11,,1,"English Channel (South West), Celtic Sea (England)","Par (South Cornwall), Portreath (North Cornwall)",Cornwall Council (2011)218,1979,12,13,1,English Channel (Dorset),Isle of Portland,Zong & Tooley (2003)219,1979,11,,2,Irish Sea (Scotland),Carsethorn (Dumfries),Hickey (1997)220,1979,1,4-5,4,English Channel (Devon),"Torcross, Beesands",Met Office (1979); Zong & Tooley (2003)221,1979,2,13,4,English Channel (Dorset),Isle of Portland,Lamb (1991); Zong & Tooley (2003); Eden (2008)222,1980,3,19,1,North Sea (England),Grimsby,Zong & Tooley (2003)223,1980,4,20,1,North Sea (England),Felixstowe,Zong & Tooley (2003)224,1980,10,24-25,1,"North Sea-Moray Firth (Scotland), English Channel (the Solent)","Burghead Bay, Findhorn, Wootton Bridge (Isle of Wight)",Hickey (1997); Ruocco et al. (2011)225,1980,1,21,2,English Channel (the Solent),"Gosport, Hayling",Ruocco et al. (2011)226,1981,3,,1,"Celtic Sea (River Camel), English Channel (River Fowey)","Sladesbridge (North Cornwall), Fowey (South Cornwall)",Cornwall Council (2011)227,1981,3,9,1,"Celtic Sea (Wales), English Channel (Dorset)","Bridgend, Cardiff, Swanage, Bridport",Zong & Tooley (2003)228,1981,10,,1,"English Channel (Cornwall), Irish Sea (Cornwall)","Fowey (River Fowey), Wadebridge (River Camel), Truro (Truro River)",Cornwall Council (2011)229,1981,12,30,1,"English Channel (the Solent), Bristol Channel","Hayling Island, Cowes, Mudeford Bay, Yarmouth, Weston super Mare, Burnham on Sea, Minehead, Clevedon, Porlock, Watchet, Bridgenorth, Hythe, Sandgate",Zong & Tooley (2003)230,1981,12,13-14,5,"English Channel (the Solent), Bristol Channel","Somerset (Burnham on Sea, Brean, Weston, Uphill, Sand Bay, Wick St Lawrence, Kingston Seamoor, Clevedon, Pawlett), Portsmouth, Hayling Island, Langstone, Fareham, Ryde, Cowes, Freshwater, Yarmouth, Southampton",Met Office (1981); Eden (2008); Ruocco et al. (2011); Haigh et al. (2015)231,1982,6,,1,English Channel-River Camel (Cornwall),Padstow,Cornwall Council (2011)232,1982,10,16,2,English Channel (the Solent),Hayling Island,Ruocco et al. (2011)233,1983,12,19-20,3,"English Channel (Cornwall, the Solent)","Penzance, Fowey, Looe, Hythe, Hayling, Portsmouth, Lymington, Ryde, Cowes, Southampton",Met Office (1983); Eden (2008); Ruocco et al. (2011)234,1983,2,1-2,4,"North Sea (England, Scotland), Irish Sea (England), English Channel (the Solent)","Lowestoft, Great Yarmouth, Redcar, Morecambe, Filey, Scarborough, Mablethorpe, Lossiemouth, Findhorn, Buckie, Portgordon, Kingston, Garmouth, Southampton, Cowes, Bembridge",Met Office (1983); Lamb (1991); Hickey (1997); Zong & Tooley (2003); Eden (2008); Ruocco et al. (2011); Haigh et al. (2015)235,1984,4,16,1,Bristol Channel,Burnham on Sea,Zong & Tooley (2003)236,1984,9,26,1,"North Sea (Thames), English Channel (the Solent)","Putney, Ryde, Cowes",Zong & Tooley (2003); Ruocco et al. (2011); Haigh et al. (2015)237,1984,10,24-25,2,"Celtic Sea-River Camel (North Cornwall, England); English Channel (Dorset, the Solent)","Polmorla, Wadebridge, Padstow, Chapel Amble, Warsash (River Hamble), Fareham, Cowes",Davison et al. (1993); Ruocco et al. (2011)238,1984,11,23-24,3,"Celtic Sea-River Camel (North Cornwall, England); English Channel (the Solent, Sussex)","Fowey, Padstow, Wadebridge, Sladesbridge, Perranporth; Lymington, Portsmouth, Southampton, Cowes, Gurnard, Ryde, Fareham, Hythe, Hayling Island, Langstone, Shoreham",Met Office (1984); Ruocco et al. (2011); Haigh et al. (2015)239,1985,1,,1,English Channel-Carrick Roads (South West England),"Falmouth, Penryn",Cornwall Council (2011)240,1985,11,9,1,North Sea (Scotland),Buckie,Hickey (1997)241,1985,12,26,1,Celtic Sea-Bristol Channel,Avon Valley,Zong & Tooley (2003)242,1985,1,22,2,North Sea (Scotland),"Portgordon, Portessie, Buckie Loch, Shelly Head ",Hickey (1997)243,1985,4,6-8,3,"English Channel (Cornwall, the Solent, Sussex), Celtic Sea (North Cornwall)","Portsmouth, Hayling Island, Eastney and Elmer (near Bognor Regis), Portchester, Hythe, Wadebridge, Padstow, Newquay, Hayle, Mousehole, Flushing, Mevagissey, St Blazey, Fowey, Lostwithiel, Looe, Torpoint, Calstock, Dartmouth",Zong & Tooley (2003); Ruocco et al. (2011); Haigh et al. (2015)244,1986,11,,1,English Channel-River Fowey (Cornwall),Lerryn,Cornwall Council (2011)245,1986,11,21,2,"English Channel (South West and central), Celtic Sea (Wales)","Cornwall, Isle of Wight-the Solent (Cowes, Portsmouth), East Sussex, Wales",Met Office (1986)246,1987,10,7-9,2,"Celtic Sea (North Cornwall, England); English Channel (the Solent)","Boscastle, Chapel Amble, Polmorla (Wadebridge, River Camel), Lymington, River Hamble, Southampton, Cowes, Shanklin, Ryde, Fareham",Met Office (1987); Zong & Tooley (2003); Ruocco et al. (2011); Haigh et al. (2015)247,1988,1,,1,English Channel (Cornwall),"Lerryn, Lostwithiel (River Fowey), Looe",Cornwall Council (2011)248,1988,1,5,1,English Channel (the Solent),Ryde,Zong & Tooley (2003)249,1988,3,9-11,1,North Sea (England),"Great Yarmouth, Burl Valley, Thurne Valley, Spurn Head",Zong & Tooley (2003); Lamb (1991); Hickey (1997)250,1989,2,11,1,Atlantic (North West Scotland),Stornoway,Hickey (1997)251,1989,2,14,1,North Sea (England),"Brightlingsea, Wivenhoe, Southwold",Lamb (1991); Zong & Tooley (2003); Haigh et al. (2015)252,1989,3,8,1,Irish Sea (Scotland),Carsethorn (Dumfries),Hickey (1997)253,1989,12,20,1,"English Channel (Devon, the Solent)","Sidmouth, Dawlish, Budleigh Salterton, Lympstone, Southampton",Zong & Tooley (2003)254,1989,12,13-17,4,Atlantic-Celtic Sea (England); English Channel (the Solent),"Isles of Scilly, Southampton, Lymington, Gurnard, Gosport, Newport, Cowes, Fareham, Emsworth, Old Portsmouth, Selsey, Brockenhurst, Seaview, Hythe, Warsash, Isle of Portland, Keyhaven",Met Office (1989); Davison et al. (1993); Hickey (1997); Eden (2008); Ruocco et al (2011); Haigh et al. (2015)255,1990,2,,1,"Celtic Sea (North Cornwall, England)","Newquay, St Ives",Cornwall Council (2011)256,1990,10,28-30,1,English Channel,-,Eden (2008); Kundewicz et al. (2013)257,1990,12,12,1,North Sea (England),"Norfolk, East Anglia",Hickey (1997)258,1990,2,1-3,2,Irish Sea (Wales); Atlantic (North West Scotland),"Towyn, Stornoway; England (unknown locations)",Lamb (1991); Hickey (1993); Zong & Tooley (2003)259,1990,2,26-27,5,Irish Sea (Wales),"Pensarn to Kinmel Bay, Towyn, Rhyl, Ffynnongroyw, Prestatyn, Clwyd",Met Office (1990); Lamb (1991); Kundewicz et al. (2013); Haigh et al. (2015)260,1991,1,2,1,Irish Sea (England and North Wales),"Morecambe, Rampside, Barrow-in-Furness, Holyhead",Zong & Tooley (2003); Haigh et al. (2015)261,1991,11,,1,Irish Sea-Firth of Clyde (Scotland),Ardrossan,Hickey (1997)262,1991,1,5,4,Irish Sea-Firth of Clyde (Scotland),"Ardrossan, Helensburg, Millport, Largs, Saltcoats, Rothesay",Met Office (1991); Hickey (1997); Kundewicz et al. (2013); Haigh et al. (2015)263,1992,8,29,1,"English Channel (Cornwall, Dorset)","Christchurch, Wadebridge, Hayle and Lelant, Newlyn, Penzance and Long Rock, Helston, Falmouth and Penryn, Perranarworthal, Truro, Pentewan, Bugle, St Blazey and Tywardreath, the Glyn Valley, East Taphouse ",Met Office (1992); Haigh et al. (2015)264,1993,11,14,1,North Sea (England),"Goxhill, Humberston, Ashby cum Fenby, Cayton near Scarborough",Zong & Tooley (2003); Haigh et al. (2015)265,1993,1,10-13,3,English Channel (the Solent),"Portsmouth, Hayling, Fareham (Warsash, Portchester, Wallington), Gosport, Isle of Wight (Cowes, Ryde,  Wootton Bridge, Newport), Southampton, Romsey",Davison et al. (1993); Met Office (1993); Eden (2008); Ruocco et al. (2011); Haigh et al. (2015)266,1993,2,21,4,North Sea (England),"Humberside, Thames Estuary, Great Yarmouth, Spurn Head, Scarborough",Met Office (1993); Zong & Tooley (2003); Eden (2008); Haigh et al. (2015)267,1994,12,4,1,"Bristol Channel, English Channel (the Solent)","Severn valley at Gloucester, Portsmouth, Cowes, Hamble",Zong & Tooley (2003); Ruocco et al. (2011); Haigh et al. (2015)268,1994,12,7,2,English Channel (the Solent),"Langstone, Gosport, Emsworth, Hayling, Botley",Ruocco et al. (2011); Haigh et al. (2015)269,1995,12,23-24,1,English Channel (the Solent),"Portsmouth, Wootton Bridge, Hythe, Dibden",Ruocco et al. (2011); Haigh et al. (2015)270,1995,,,2,North Sea (England),Blyth,Northumberland County Council (2015)271,1995,1,19,2,English Channel (the Solent),"Langstone, Gosport, Portsmouth, Southsea, Hayling, Southampton",Ruocco et al. (2011)272,1996,,,1,North Sea (North East England),Beadnell (Northunmberland),Northumberland County Council (2015)273,1996,2,19-20,1,North Sea (England),"East Yorkshire, Lincolnshire, Norfolk, East Kent",Eden (2008)274,1996,10,28-29,1,English Channel (the Solent); Bristol Channel,"Langstone, Emsworth, Gosport; Porlock Bay",Ruocco et al. (2011); Haigh et al. (2015)275,1996,1,,2,"English Channel (Cornwall), Celtic Sea (North Cornwall)","Sladesbridge, Gillan Harbour, Lerryn, Polperro",Cornwall Council (2011)276,1996,4,,2,"Celtic Sea-River Camel (North Cornwall, England)",Wadebridge,Cornwall Council (2011)277,1997,2,10,1,Irish Sea (England),Sefton coast,Haigh et al. (2015)278,1997,2,24,1,English Channel (Southern England),-,Eden (2008)279,1997,12,,1,English Channel and west coasts,-,CEH (1997)280,1997,2,,2,North Sea (North East England),"Blyth, Berwick-upon-Tweed, Holy Island",Northumberland County Council (2015)281,1998,1,1-8,1,English Channel,-,Eden (2008)282,1998,3,4,1,English Channel (the Solent),Old Portsmouth,Ruocco et al. (2011)283,1998,9,9,1,English Channel (the Solent),"Selsey, Langstone, Emsworth",Ruocco et al. (2011)284,1998,1,14,2,English Channel (the Solent),"Selsey, Ryde",Ruocco et al. (2011)285,1998,1,4,3,English Channel (the Solent),"Southsea, Selsey, Hayling, Gosport, Fareham",Ruocco et al. (2011)286,1999,1,4,1,English Channel (the Solent),Selsey,CEH (1999); Haigh et al. (2015)287,1999,8,,1,North Sea (North East England),Northumberland,Northumberland County Council (2015)288,1999,10,24,2,English Channel (the Solent),"Selsey, Southsea (Portsmouth)",Ruocco et al. (2011)289,1999,12,24-25,3,"English Channel (Dorset, the Solent, Channel Islands, Kent)","Portsmouth, Southampton, Selsey, Jersey, Lymington, Dorset, Kent",Eden (2008); Ruocco et al. (2011); Kundewicz et al. (2013); Haigh et al. (2015)290,2000,10,,1,UK,-,CEH (2000)291,2000,12,12,2,English Channel (Dorset),Christchurch,Haigh et al. (2015)292,2001,3,10-12,1,English Channel (the Solent),Emsworth,Ruocco et al. (2011); Haigh et al. (2015)293,2002,1,29,1,English Channel (the Solent),Hayling,Ruocco et al. (2011)294,2002,9,,2,North Sea (North East England),Seahouses (Northumberland),Northumberland County Council (2015)295,2002,2,1,4,"Celtic Sea, Irish Sea, English Channel","Barrow-in-Furness (Cumbria), Langstone, Southsea/Portsmouth, Hayling Island (Hampshire), Sladebridge (north Cornwall), Mevagissey, Polkerris, Fowey, Golant, Lerryn and Lostwithiel, Cremyll and Calstock (south Cornwall)",Eden (2008); Ruocco et al. (2011); Haigh et al. (2015)296,2004,10,27,3,English Channel (Cornwall-Devon-Dorset),"Cornwall, Devon, Dorset",Met Office (2004); Eden (2008); Haigh et al. (2015)297,2005,11,3,3,"English Channel (Dorset, the Solent)","Chesil, Hayling Island",Ruocco et al. (2011)298,2005,1,11-12,5,Atlantic (North West Scotland); North Sea (North East),"South Uist, Barra (Scotland), Warkworth (River Coquet, Northumberland)",Haigh et al. (2015)299,2006,3,,2,"English Channel (Cornwall), Celtic Sea (North Cornwall)","Bude, Boscastle, Wadebridge, Perranporth, Portreath, Hayle, St Erth and Lelant, Newlyn, Penzance, Gweek, Flushing, Pentewan, Par, Fowey, Looe, Saltash",Cornwall Council (2011)300,2006,3,30,2,Bristol Channel,Tintern,Haigh et al. (2015)301,2006,10,6-8,2,"Celtic Sea (Devon, Cornwall), English Channel (South West)","Widemouth Bay, Trebarwith Strand, Port Isaac, Polzeath, Mawgan Porth, Newquay, Perranporth, Portreath, St Ives, Penzance, Flushing, Penryn, Perranarworthal, Mevagissey, Fowey and Looe",Haigh et al. (2015)302,2006,12,3,2,"Celtic-Irish Seas, English Channel (South West England, Northern Ireland)","Devon, Cornwall",Haigh et al. (2015)303,2007,2,,1,North Sea (North East England),Berwick-upon-Tweed,Northumberland County Council (2015)304,2007,11,9,3,North Sea (England),"Walcott (Norfolk), Suffolk",Eden (2008); Haigh et al. (2015)305,2008,3,10,3,"English Channel (Cornwall, the Solent, Channel Isles)","Teignmouth, Flushing, Poole, Beaulieu, Totton, Southampton (St Denys, Woodmill), Portsmouth, Sandown, Cowes, Gurnard, Yarmouth (Isle of Wight), Bosham, Emsworth, Selsey, Jersey",Wadey et al (2013); Haigh et al. (2015)306,2010,11,11,1,UK west and south,"Wales, Western Scotland, Isle of Wight",Haigh et al. (2015)307,2010,3,29-31,3,"North Wales (Irish Sea), Scotland","Llanddulas (Conwy County), Rhyl (Denbighshire), Bangor (Gwynedd), St Andrews Golf Course (Fife), Edinburgh, East Lothian",Met Office (2010)308,2011,11,27,2,North Sea (England),"Whitby, Scarborough, Humber Estuary, Norfolk",Haigh et al. (2015)309,2012,10,17,1,English Channel (Dorset),"Studland, Poole (Dorset)",Haigh et al. (2015)310,2012,10,18,2,English Channel (Cornwall),"Lynmouth, Mevagissey, Looe, Kingsbridge",Met Office (2012)311,2012,12,14,3,"English Channel (Cornwall), North Sea-Moray Firth (Scotland)","Looe, Lossiemouth",Met Office (2012)312,2013,10,28,1,English Channel (the Solent),Yarmouth,IOWCP (2013a); IOWCP (2013b); Wadey et al. (2015); Ozsoy et al. (2016)313,2013,12,6,5,"North Sea (England, Scotland), English Channel (Kent to the Solent), Irish Sea (North Wales, England, Scotland), Atlantic Scotland","Sunderland, Hull, Boston, Great Yarmouth, Lowestoft, North Berwick, Jaywick, Blackpool, Cleveleys, Walcott, Cromer, Whitstable, Portgordon, New Brighton, Rhyl, Havant, Cowes, Southampton",Met Office (2013); Haigh et al. (2015)314,2014,8,12,1,Irish Sea (England),"Overton, Sunderland Point (Lancashire)",BBC (2014)315,2014,1,6,3,"English Channel (Dorset), Celtic & Irish Seas (Wales)","Aberystwyth, Christchurch",Haigh et al. (2015)316,2014,2,1,3,"English Channel (South West), Celtic & Irish Seas (Wales)","Aberystwyth, Newgale, Looe, Newlyn",Haigh et al. (2015)317,2014,2,3,3,English Channel (South West),"Looe, Fowey, Newlyn, Porthleven, Mevagissey, Plymouth, Salcombe, Exmouth, Kingsbridge (Estuary)",Haigh et al. (2015)318,2014,2,14,3,"English Channel (Devon, Dorset, the Solent)","Plymouth, Milford on Sea, Chesil Beach, Hurst Spit",Met Office (2014); Haigh et al. (2015)319,2014,1,3,4,"English Channel (Cornwall to Sussex, Channel Isles), Bristol Channel, Irish Sea (Isle of Man)","Isle of Man, Newquay, Minsterworth, Maisemore, Elmore, Newnham, Jersey, Hastings",Haigh et al. (2015)320,2015,1,22,1,Irish Sea (England),Lancaster,Lancaster Guardian (2015)321,2015,2,20-21,1,North Sea (Thames),Richmond on Thames (London),De Peyer (2015); Mann (2015); ITV (2015)322,2015,3,21,1,North Sea (Thames),Greenwich (London),The Independent (2015)323,2015,8,4,1,Irish Sea (Northern Ireland),Salthill (Galway),BBC (2015)324,2015,10,28,1,English Channel (Dorset),Christchurch (Dorset),SurgeWatch Blog325,2015,12,30,2,Irish Sea-Firth of Clyde (Scotland),Saltcoats,BBC (2016a)326,2016,2,8,1,"English Channel (Dorset, the Solent), Celtic Sea (Wales)","Poole, Portsmouth, Porthcawl, Aberywystwyth",BBC (2016b)327,2016,4,10,2,English Channel (Cornwall),"St Maws, Porthleven, Looe, Cawsand",BBC (2016c)328,2016,5,6,1,Celtic Sea-Bristol Channel (Wales),Ogmore,Houghton (2016)329,2016,11,19,2,"English Channel (Dorset, the Solent)","Swanage, Portsmouth",ITV (2016)